<?xml version="1.0" encoding="UTF-8"?>

<!--
Licensed to the Apache Software Foundation (ASF) under one
or more contributor license agreements.  See the NOTICE file
distributed with this work for additional information
regarding copyright ownership.  The ASF licenses this file
to you under the Apache License, Version 2.0 (the
"License"); you may not use this file except in compliance
with the License.  You may obtain a copy of the License at

  http://www.apache.org/licenses/LICENSE-2.0

Unless required by applicable law or agreed to in writing,
software distributed under the License is distributed on an
"AS IS" BASIS, WITHOUT WARRANTIES OR CONDITIONS OF ANY
KIND, either express or implied.  See the License for the
specific language governing permissions and limitations
under the License.
-->

<project xmlns="http://maven.apache.org/DECORATION/1.0.0"
  xmlns:xsi="http://www.w3.org/2001/XMLSchema-instance"
  xsi:schemaLocation="http://maven.apache.org/DECORATION/1.0.0 http://maven.apache.org/xsd/decoration-1.0.0.xsd">

  <bannerLeft>
    <name>${project.name}</name>
    <src>http://maven.apache.org/images/apache-maven-project.png</src>
    <href>http://maven.apache.org/</href>
  </bannerLeft>
  <bannerRight>
    <src>http://maven.apache.org/images/maventxt_logo_200.gif</src>
  </bannerRight>

  <skin>
    <groupId>org.apache.maven.skins</groupId>
    <artifactId>maven-fluido-skin</artifactId>
    <version>1.2.1</version>
  </skin>

  <custom>
    <fluidoSkin>
      <topBarEnabled>false</topBarEnabled>
      <sideBarEnabled>true</sideBarEnabled>
    </fluidoSkin>
  </custom>


  <body>
    <menu name="Overview">
      <item name="Introduction" href="index.html"/>
      <item name="Goals" href="plugin-info.html"/>
      <item name="Usage" href="usage.html"/>
      <item name="FAQ" href="faq.html"/>
      <item name="Release Notes" href="jira-report.html"/>
    </menu>

    <menu name="Examples">
      <item name="Using Java5 annotations" href="/examples/using-annotations.html"/>
      <item name="Configuring Generation of Plugin Descriptor" href="/examples/generate-descriptor.html"/>
      <item name="Configuring Generation of Plugin Documentation" href="/examples/generate-report.html"/>
      <item name="Configuring Generation of HelpMojo" href="/examples/generate-help.html"/>
      <item name="Ant Mojo" href="/examples/ant-mojo.html"/>
      <item name="Beanshell Mojo" href="/examples/beanshell-mojo.html"/>
    </menu>

    <menu name="Developers">
      <item name="Maven Plugin Tools" href="http://maven.apache.org/plugin-tools/index.html"/>
      <item name="Maven Plugin Descriptor" href="http://maven.apache.org/ref/current/maven-plugin-api/plugin.html"/>
      <item name="Multiple Language Support: Redesign Notes" href="multiple-language-support.html"/>
    </menu>
  </body>
</project>
