<assembly xmlns="http://maven.apache.org/plugins/maven-assembly-plugin/assembly/1.1.0" 
  xmlns:xsi="http://www.w3.org/2001/XMLSchema-instance"
  xsi:schemaLocation="http://maven.apache.org/plugins/maven-assembly-plugin/assembly/1.1.0 http://maven.apache.org/xsd/assembly-1.1.0.xsd">
  <id>bin</id>
  <formats>
    <format>dir</format>
  </formats>
  <includeBaseDirectory>false</includeBaseDirectory>
  <repositories>
    <repository>
      <includeMetadata>true</includeMetadata>
      <outputDirectory>repo</outputDirectory>
      <groupVersionAlignments>
        <groupVersionAlignment>
          <id>org.apache.maven.plugins</id>
          <version>2.0</version>
          <excludes>
            <exclude>maven-surefire-plugin</exclude>
          </excludes>
        </groupVersionAlignment>
      </groupVersionAlignments>
    </repository>
  </repositories>
</assembly>
