<?xml version="1.0" encoding="ISO-8859-1"?>

<project name="Maven" xmlns="http://maven.apache.org/DECORATION/1.0.0" xmlns:xsi="http://www.w3.org/2001/XMLSchema-instance"
  xsi:schemaLocation="http://maven.apache.org/DECORATION/1.0.0 http://maven.apache.org/xsd/decoration-1.0.0.xsd">
  <body>

    <links>
      <!-- should all be equivalent -->
      <item name="links /Child" href="/index.html"/>
      <item name="links ./Child" href="./index.html"/>
      <item name="links Child" href="index.html"/>
    </links>

    <breadcrumbs>
      <!-- should all be equivalent -->
      <item name="breadcrumbs /Child" href="/index.html"/>
      <item name="breadcrumbs ./Child" href="./index.html"/>
      <item name="breadcrumbs Child" href="index.html"/>
    </breadcrumbs>

    <menu ref="parent"/>
    <menu ref="reports"/>

  </body>
</project>
