<?xml version="1.0" encoding="UTF-8"?>
<!--
  Licensed to the Apache Software Foundation (ASF) under one
  or more contributor license agreements.  See the NOTICE file
  distributed with this work for additional information
  regarding copyright ownership.  The ASF licenses this file
  to you under the Apache License, Version 2.0 (the
  "License"); you may not use this file except in compliance
  with the License.  You may obtain a copy of the License at
  
  http://www.apache.org/licenses/LICENSE-2.0
  
  Unless required by applicable law or agreed to in writing,
  software distributed under the License is distributed on an
  "AS IS" BASIS, WITHOUT WARRANTIES OR CONDITIONS OF ANY
  KIND, either express or implied.  See the License for the
  specific language governing permissions and limitations
  under the License.
-->
<document>
  <properties>
    <title>Maven Archiver Changes Report</title>
    <author email="olamy@apache.org">Olivier Lamy</author>
  </properties>
  <body>
    <release version="2.3" date="2008-01-07">
      <action type="fix" dev="carlos" issue="MNG-2854">Recreating pom.properties always breaks the archivers uptodate check</action>
      <action type="update" dev="olamy" issue="MNG-2768">Update to plexus-archiver 1.0-alpha-9</action>
      <action type="add" dev="olamy" issue="MNG-3332">Class-Path manifest entry should support maven repository layout.</action>
      <action type="add" dev="olamy" issue="MNG-3334">Add a changes report in maven-archiver.</action>
      <action type="add" dev="olamy" issue="MNG-3329">Improve the documentation concerning the archiver configuration.</action>
      <action type="fix" dev="olamy" issue="MNG-3342">Impossible to create entries with empty value in MANIFEST</action>
    </release>
    <release version="2.2" date="2006-09-29">
    </release>
    <release version="2.1" date="2006-06-28">
    </release>
  </body>
</document>
