<?xml version="1.0" encoding="ISO-8859-1"?>

<!--
  ~ Licensed to the Apache Software Foundation (ASF) under one
  ~ or more contributor license agreements.  See the NOTICE file
  ~ distributed with this work for additional information
  ~ regarding copyright ownership.  The ASF licenses this file
  ~ to you under the Apache License, Version 2.0 (the
  ~ "License"); you may not use this file except in compliance
  ~ with the License.  You may obtain a copy of the License at
  ~
  ~     http://www.apache.org/licenses/LICENSE-2.0
  ~
  ~ Unless required by applicable law or agreed to in writing,
  ~ software distributed under the License is distributed on an
  ~ "AS IS" BASIS, WITHOUT WARRANTIES OR CONDITIONS OF ANY
  ~ KIND, either express or implied.  See the License for the
  ~ specific language governing permissions and limitations
  ~ under the License.
  -->

<project xmlns="http://maven.apache.org/DECORATION/1.0.0"
         xmlns:xsi="http://www.w3.org/2001/XMLSchema-instance"
         xsi:schemaLocation="http://maven.apache.org/DECORATION/1.0.0 http://maven.apache.org/xsd/decoration-1.0.0.xsd">
  <body>
    <menu name="Overview">
      <item name="Introduction" href="index.html"/>
      <item name="Goals" href="plugin-info.html"/>
      <item name="Usage" href="usage.html"/>
      <item name="API" href="api.html"/>
      <item name="FAQ" href="faq.html"/>
    </menu>
    <menu name="Examples">
      <item name="Using TestNG" href="examples/testng.html"/>
      <item name="Using JUnit" href="examples/junit.html"/>
      <item name="Skipping Tests" href="examples/skipping-test.html"/>
      <item name="Inclusions and Exclusions of Tests" href="examples/inclusion-exclusion.html"/>
      <item name="Running a Single Test" href="examples/single-test.html"/>
      <item name="Class Loading Issues" href="examples/class-loading.html"/>
      <item name="Debugging Tests" href="examples/debugging.html"/>
      <item name="System Properties" href="examples/system-properties.html"/>
      <item name="Configuring the Classpath" href="examples/configuring-classpath.html"/>
      <item name="Selecting providers" href="examples/providers.html"/>
    </menu>
    <menu name="Developer Center">
      <item name="Developing" href="developing.html"/>
    </menu>
  </body>
</project>
