<?xml version="1.0" encoding="UTF-8"?>
<!--
  Licensed to the Apache Software Foundation (ASF) under one
  or more contributor license agreements.  See the NOTICE file
  distributed with this work for additional information
  regarding copyright ownership.  The ASF licenses this file
  to you under the Apache License, Version 2.0 (the
  "License"); you may not use this file except in compliance
  with the License.  You may obtain a copy of the License at

  http://www.apache.org/licenses/LICENSE-2.0

  Unless required by applicable law or agreed to in writing,
  software distributed under the License is distributed on an
  "AS IS" BASIS, WITHOUT WARRANTIES OR CONDITIONS OF ANY
  KIND, either express or implied.  See the License for the
  specific language governing permissions and limitations
  under the License.
-->
<document>
  <properties>
    <title>Reference</title>
    <author email="olamy@apache.org">Olivier Lamy</author>
    <author email="dennisl@apache.org">Dennis Lundberg</author>
  </properties>
  <body>
    <section name="Maven Archiver">
      <p>
        The Maven Archiver is mainly used by plugins to handle packaging. The
        version numbers referenced in the Since column on this page are the
        version of the Maven Archiver component - not for any specific plugin.
        To see which version of Maven Archiver a plugin uses, go to the site
        for that plugin.
      </p>

      <source>
&lt;<a href="#class_archive">archive</a>&gt;
  &lt;addMavenDescriptor/&gt;
  &lt;compress/&gt;
  &lt;forced/&gt;
  &lt;index/&gt;
  &lt;<a href="#class_manifest">manifest</a>&gt;
    &lt;addClasspath/&gt;
    &lt;addDefaultImplementationEntries/&gt;
    &lt;addDefaultSpecificationEntries/&gt;
    &lt;addExtensions/&gt;
    &lt;classpathLayoutType/&gt;
    &lt;classpathMavenRepositoryLayout/&gt;
    &lt;classpathPrefix/&gt;
    &lt;customClasspathLayout/&gt;
    &lt;mainClass/&gt;
    &lt;packageName/&gt;
  &lt;/manifest&gt;
  &lt;manifestEntries&gt;
    &lt;key&gt;value&lt;/key&gt;
  &lt;/manifestEntries&gt;
  &lt;manifestFile/&gt;
  &lt;manifestSections&gt;
    &lt;<a href="#class_manifestSection">manifestSection</a>&gt;
      &lt;name/&gt;
      &lt;manifestEntries&gt;
        &lt;key&gt;value&lt;/key&gt;
      &lt;/manifestEntries&gt;
    &lt;manifestSection/&gt;
  &lt;/manifestSections&gt;
  &lt;pomPropertiesFile/&gt;
&lt;/archive&gt;
      </source>

      <a name="class_archive"/>
      <subsection name="archive">
        <table>
          <tr>
            <th>Element</th>
            <th>Description</th>
            <th>Type</th>
            <th>Since</th>
          </tr>
          <tr>
            <td>addMavenDescriptor</td>
            <td>
              Whether the generated archive will contain these two Maven files:
              <ul>
                <li>
                  The pom file, located in the archive in
                  <code>META-INF/maven/${groupId}/${artifactId}/pom.xml</code>
                </li>
                <li>
                  A <a href="#pom-properties-content">pom.properties</a> file,
                  located in the archive in <code>META-INF/maven/${groupId}/${artifactId}/pom.properties</code>
                </li>
              </ul>
              The default value is <code>true</code>.
            </td>
            <td>boolean</td>
            <td></td>
          </tr>
          <tr>
            <td>compress</td>
            <td>
              Activate compression for the archive.
              The default value is <code>true</code>.
            </td>
            <td>boolean</td>
            <td></td>
          </tr>
          <tr>
            <td>forced</td>
            <td>
              Whether recreating the archive is forced (default) or not. Setting
              this option to <code>false</code>, means that the archiver should compare the
              timestamps of included files with the timestamp of the target archive
              and rebuild the archive, only if the latter timestamp precedes the
              former timestamps. Checking for timestamps will typically offer a
              performance gain (in particular, if the following steps in a build
              can be suppressed, if an archive isn't recrated) on the cost that
              you get inaccurate results from time to time. In particular, removal
              of source files won't be detected.
              <p>
                An archiver doesn't necessarily support checks for uptodate. If
                so, setting this option to <code>true</code> will simply be ignored.
              </p>
              The default value is <code>true</code>.
            </td>
            <td>boolean</td>
            <td>2.2</td>
          </tr>
          <tr>
            <td>index</td>
            <td>
              Whether the generated archive will contain an
              <code>INDEX.LIST</code> file.
              The default value is <code>false</code>.
            </td>
            <td>boolean</td>
            <td></td>
          </tr>
          <tr>
            <td><a href="#class_manifest">manifest</a></td>
            <td></td>
            <td></td>
            <td></td>
          </tr>
          <tr>
            <td>manifestEntries</td>
            <td>A list of key/value pairs to add to the manifest.</td>
            <td>Map</td>
            <td></td>
          </tr>
          <tr>
            <td>manifestFile</td>
            <td>With this you can supply your own manifest file.</td>
            <td>File</td>
            <td></td>
          </tr>
          <tr>
            <td><a href="#class_manifestSection">manifestSections</a></td>
            <td></td>
            <td></td>
            <td></td>
          </tr>
          <tr>
            <td>pomPropertiesFile</td>
            <td>
              Use this to override the auto generated
              <a href="#pom-properties-content">pom.properties</a> file
              (only if <code>addMavenDescriptor</code> is set to <code>true</code>)
            </td>
            <td>File</td>
            <td>2.3</td>
          </tr>
        </table>
      </subsection>

      <a name="class_manifest"/>
      <subsection name="manifest">
        <table>
          <tr>
            <th>Element</th>
            <th>Description</th>
            <th>Type</th>
            <th>Since</th>
          </tr>
          <tr>
            <td>addClasspath</td>
            <td>
              Whether to generate a <code>Class-Path</code> manifest entry.
              The default value is <code>false</code>.
            </td>
            <td>boolean</td>
            <td></td>
          </tr>
          <tr>
            <td>addDefaultImplementationEntries</td>
            <td>
              If the manifest will contain these entries:
              <source>
Implementation-Title: ${project.name}
Implementation-Version: ${project.version}
Implementation-Vendor-Id: ${project.groupId}
Implementation-Vendor: ${project.organization.name}
              </source>
              The default value is <code>false</code>.
            </td>
            <td>boolean</td>
            <td>2.1</td>
          </tr>
          <tr>
            <td>addDefaultSpecificationEntries</td>
            <td>
              If the manifest will contain these entries:
              <source>
Specification-Title: ${project.name}
Specification-Version: ${project.version}
Specification-Vendor: ${project.organization.name}
              </source>
              The default value is <code>false</code>.
            </td>
            <td>boolean</td>
            <td>2.1</td>
          </tr>
          <tr>
            <td>addExtensions</td>
            <td>
              Whether to generate an <code>Extension-List</code> manifest
              entry.
              The default value is <code>false</code>.
            </td>
            <td>boolean</td>
            <td></td>
          </tr>
          <tr>
            <td>classpathLayoutType</td>
            <td>
              The type of layout to use when formatting entries in the generated
              <code>Class-Path</code>. Valid values are: <code>simple</code>,
              <code>repository</code> (the same as a Maven classpath layout) and
              <code>custom</code>.
              <br/>
              <b>Note:</b> If you specify a type of <code>custom</code> you
              <b>must</b> also set <code>customClasspathLayout</code>.
              The default value is <code>simple</code>.
            </td>
            <td>String</td>
            <td>2.4</td>
          </tr>
          <tr>
            <td>classpathMavenRepositoryLayout</td>
            <td>
              The generated <code>Class-Path</code> entry will contain paths
              that follow the Maven 2 repository layout:
              <code>${groupId}/${artifactId}/${version}/${fileName}</code>.
              The default value is <code>false</code>.
            </td>
            <td>boolean</td>
            <td>2.3</td>
          </tr>
          <tr>
            <td>classpathPrefix</td>
            <td>
              A text that will be prefixed to all your <code>Class-Path</code>
              entries.
              The default value is <code>&quot;&quot;</code>.
            </td>
            <td>String</td>
            <td></td>
          </tr>
          <tr>
            <td>customClasspathLayout</td>
            <td>
              The layout expression to use when the layout type set in
              <code>classpathLayoutType</code> has the value <code>custom</code>.
              Expressions will be evaluated against the following ordered list
              of classpath-related objects:
              <ol>
                <li>The current Artifact instance, if one exists.</li>
                <li>The current ArtifactHandler instance from the artifact above.</li>
              </ol>
              <b>Note:</b> If you specify a layout type of <code>custom</code>
              you <b>must</b> set this layout expression.
            </td>
            <td>String</td>
            <td>2.4</td>
          </tr>
          <tr>
            <td>mainClass</td>
            <td>The <code>Main-Class</code> manifest entry.</td>
            <td>String</td>
            <td></td>
          </tr>
          <tr>
            <td>packageName</td>
            <td>Package manifest entry.</td>
            <td>String</td>
            <td></td>
          </tr>
        </table>
      </subsection>

      <a name="class_manifestSection"/>
      <subsection name="manifestSection">
        <table>
          <tr>
            <th>Element</th>
            <th>Description</th>
            <th>Type</th>
            <th>Since</th>
          </tr>
          <tr>
            <td>name</td>
            <td>
              The name of the section.
            </td>
            <td>String</td>
            <td></td>
          </tr>
          <tr>
            <td>manifestEntries</td>
            <td>A list of key/value pairs to add to the manifest.</td>
            <td>Map</td>
            <td></td>
          </tr>
        </table>
      </subsection>

      <a name="pom-properties-content"/>
      <subsection name="pom.properties content">
        <p>
          The auto generated <code>pom.properties</code> file will contain the
          following content:
        </p>
        <source>
version=${project.version}
groupId=${project.groupId}
artifactId=${project.artifactId}
        </source>
      </subsection>
    </section>
  </body>
</document>