<assembly xmlns="http://maven.apache.org/plugins/maven-assembly-plugin/assembly/1.1.0" 
  xmlns:xsi="http://www.w3.org/2001/XMLSchema-instance"
  xsi:schemaLocation="http://maven.apache.org/plugins/maven-assembly-plugin/assembly/1.1.0 http://maven.apache.org/xsd/assembly-1.1.0.xsd">
  <id>src</id>
  <formats>
    <format>tar.gz</format>
  </formats>
  <includeBaseDirectory>false</includeBaseDirectory>
  <files>
    <file>
      <source>src/main/java/test/App.java</source>
      <fileMode>0400</fileMode>
    </file>
  </files>
</assembly>
