<assembly xmlns="http://maven.apache.org/plugins/maven-assembly-plugin/assembly/1.1.2" xmlns:xsi="http://www.w3.org/2001/XMLSchema-instance"
  xsi:schemaLocation="http://maven.apache.org/plugins/maven-assembly-plugin/assembly/1.1.2 http://maven.apache.org/xsd/assembly-1.1.2.xsd">
  <id>site-source</id>
  <formats>
    <format>zip</format>
  </formats>
  <includeBaseDirectory>false</includeBaseDirectory>
  <fileSets>
    <fileSet>
      <useDefaultExcludes>true</useDefaultExcludes>
      <directory>${basedir}/src/site</directory>
      <filtered>false</filtered>
      <outputDirectory>/</outputDirectory>
    </fileSet>
  </fileSets>
</assembly>